holiday_date,holiday_name
2003-01-01,CONFRATERNIZACAO MUNDIAL
2003-03-03,CARNAVAL
2003-03-04,CARNAVAL
2003-04-18,SEXTA-FEIRA SANTA
2003-04-20,PASCOA
2003-04-21,TIRADENTES
2003-05-01,DIA DO TRABALHO
2003-06-19,CORPUS CHRISTI
2003-09-07,INDEPENDENCIA DO BRASIL
2003-10-12,NOSSA SENHORA APARECIDA
2003-11-02,FINADOS
2003-11-15,PROCLAMACAO DA REPUBLICA
2003-12-25,NATAL
2004-01-01,CONFRATERNIZACAO MUNDIAL
2004-02-23,CARNAVAL
2004-02-24,CARNAVAL
2004-04-09,SEXTA-FEIRA SANTA
2004-04-11,PASCOA
2004-04-21,TIRADENTES
2004-05-01,DIA DO TRABALHO
2004-06-10,CORPUS CHRISTI
2004-09-07,INDEPENDENCIA DO BRASIL
2004-10-12,NOSSA SENHORA APARECIDA
2004-11-02,FINADOS
2004-11-15,PROCLAMACAO DA REPUBLICA
2004-12-25,NATAL
2005-01-01,CONFRATERNIZACAO MUNDIAL
2005-02-07,CARNAVAL
2005-02-08,CARNAVAL
2005-03-25,SEXTA-FEIRA SANTA
2005-03-27,PASCOA
2005-04-21,TIRADENTES
2005-05-01,DIA DO TRABALHO
2005-05-26,CORPUS CHRISTI
2005-09-07,INDEPENDENCIA DO BRASIL
2005-10-12,NOSSA SENHORA APARECIDA
2005-11-02,FINADOS
2005-11-15,PROCLAMACAO DA REPUBLICA
2005-12-25,NATAL
2006-01-01,CONFRATERNIZACAO MUNDIAL
2006-02-27,CARNAVAL
2006-02-28,CARNAVAL
2006-04-14,SEXTA-FEIRA SANTA
2006-04-16,PASCOA
2006-04-21,TIRADENTES
2006-05-01,DIA DO TRABALHO
2006-06-15,CORPUS CHRISTI
2006-09-07,INDEPENDENCIA DO BRASIL
2006-10-12,NOSSA SENHORA APARECIDA
2006-11-02,FINADOS
2006-11-15,PROCLAMACAO DA REPUBLICA
2006-12-25,NATAL
2007-01-01,CONFRATERNIZACAO MUNDIAL
2007-02-19,CARNAVAL
2007-02-20,CARNAVAL
2007-04-06,SEXTA-FEIRA SANTA
2007-04-08,PASCOA
2007-04-21,TIRADENTES
2007-05-01,DIA DO TRABALHO
2007-06-07,CORPUS CHRISTI
2007-09-07,INDEPENDENCIA DO BRASIL
2007-10-12,NOSSA SENHORA APARECIDA
2007-11-02,FINADOS
2007-11-15,PROCLAMACAO DA REPUBLICA
2007-12-25,NATAL
2008-01-01,CONFRATERNIZACAO MUNDIAL
2008-02-04,CARNAVAL
2008-02-05,CARNAVAL
2008-03-21,SEXTA-FEIRA SANTA
2008-03-23,PASCOA
2008-04-21,TIRADENTES
2008-05-01,DIA DO TRABALHO
2008-05-22,CORPUS CHRISTI
2008-09-07,INDEPENDENCIA DO BRASIL
2008-10-12,NOSSA SENHORA APARECIDA
2008-11-02,FINADOS
2008-11-15,PROCLAMACAO DA REPUBLICA
2008-12-25,NATAL
2009-01-01,CONFRATERNIZACAO MUNDIAL
2009-02-23,CARNAVAL
2009-02-24,CARNAVAL
2009-04-10,SEXTA-FEIRA SANTA
2009-04-12,PASCOA
2009-04-21,TIRADENTES
2009-05-01,DIA DO TRABALHO
2009-06-11,CORPUS CHRISTI
2009-09-07,INDEPENDENCIA DO BRASIL
2009-10-12,NOSSA SENHORA APARECIDA
2009-11-02,FINADOS
2009-11-15,PROCLAMACAO DA REPUBLICA
2009-12-25,NATAL
2010-01-01,CONFRATERNIZACAO MUNDIAL
2010-02-15,CARNAVAL
2010-02-16,CARNAVAL
2010-04-02,SEXTA-FEIRA SANTA
2010-04-04,PASCOA
2010-04-21,TIRADENTES
2010-05-01,DIA DO TRABALHO
2010-06-03,CORPUS CHRISTI
2010-09-07,INDEPENDENCIA DO BRASIL
2010-10-12,NOSSA SENHORA APARECIDA
2010-11-02,FINADOS
2010-11-15,PROCLAMACAO DA REPUBLICA
2010-12-25,NATAL
2011-01-01,CONFRATERNIZACAO MUNDIAL
2011-03-07,CARNAVAL
2011-03-08,CARNAVAL
2011-04-21,TIRADENTES
2011-04-22,SEXTA-FEIRA SANTA
2011-04-24,PASCOA
2011-05-01,DIA DO TRABALHO
2011-06-23,CORPUS CHRISTI
2011-09-07,INDEPENDENCIA DO BRASIL
2011-10-12,NOSSA SENHORA APARECIDA
2011-11-02,FINADOS
2011-11-15,PROCLAMACAO DA REPUBLICA
2011-12-25,NATAL
2012-01-01,CONFRATERNIZACAO MUNDIAL
2012-02-20,CARNAVAL
2012-02-21,CARNAVAL
2012-04-06,SEXTA-FEIRA SANTA
2012-04-08,PASCOA
2012-04-21,TIRADENTES
2012-05-01,DIA DO TRABALHO
2012-06-07,CORPUS CHRISTI
2012-09-07,INDEPENDENCIA DO BRASIL
2012-10-12,NOSSA SENHORA APARECIDA
2012-11-02,FINADOS
2012-11-15,PROCLAMACAO DA REPUBLICA
2012-12-25,NATAL
2013-01-01,CONFRATERNIZACAO MUNDIAL
2013-02-11,CARNAVAL
2013-02-12,CARNAVAL
2013-03-29,SEXTA-FEIRA SANTA
2013-03-31,PASCOA
2013-04-21,TIRADENTES
2013-05-01,DIA DO TRABALHO
2013-05-30,CORPUS CHRISTI
2013-09-07,INDEPENDENCIA DO BRASIL
2013-10-12,NOSSA SENHORA APARECIDA
2013-11-02,FINADOS
2013-11-15,PROCLAMACAO DA REPUBLICA
2013-12-25,NATAL
2014-01-01,CONFRATERNIZACAO MUNDIAL
2014-03-03,CARNAVAL
2014-03-04,CARNAVAL
2014-04-18,SEXTA-FEIRA SANTA
2014-04-20,PASCOA
2014-04-21,TIRADENTES
2014-05-01,DIA DO TRABALHO
2014-06-19,CORPUS CHRISTI
2014-09-07,INDEPENDENCIA DO BRASIL
2014-10-12,NOSSA SENHORA APARECIDA
2014-11-02,FINADOS
2014-11-15,PROCLAMACAO DA REPUBLICA
2014-12-25,NATAL
2015-01-01,CONFRATERNIZACAO MUNDIAL
2015-02-16,CARNAVAL
2015-02-17,CARNAVAL
2015-04-03,SEXTA-FEIRA SANTA
2015-04-05,PASCOA
2015-04-21,TIRADENTES
2015-05-01,DIA DO TRABALHO
2015-06-04,CORPUS CHRISTI
2015-09-07,INDEPENDENCIA DO BRASIL
2015-10-12,NOSSA SENHORA APARECIDA
2015-11-02,FINADOS
2015-11-15,PROCLAMACAO DA REPUBLICA
2015-12-25,NATAL
2016-01-01,CONFRATERNIZACAO MUNDIAL
2016-02-08,CARNAVAL
2016-02-09,CARNAVAL
2016-03-25,SEXTA-FEIRA SANTA
2016-03-27,PASCOA
2016-04-21,TIRADENTES
2016-05-01,DIA DO TRABALHO
2016-05-26,CORPUS CHRISTI
2016-09-07,INDEPENDENCIA DO BRASIL
2016-10-12,NOSSA SENHORA APARECIDA
2016-11-02,FINADOS
2016-11-15,PROCLAMACAO DA REPUBLICA
2016-12-25,NATAL
2017-01-01,CONFRATERNIZACAO MUNDIAL
2017-02-27,CARNAVAL
2017-02-28,CARNAVAL
2017-04-14,SEXTA-FEIRA SANTA
2017-04-16,PASCOA
2017-04-21,TIRADENTES
2017-05-01,DIA DO TRABALHO
2017-06-15,CORPUS CHRISTI
2017-09-07,INDEPENDENCIA DO BRASIL
2017-10-12,NOSSA SENHORA APARECIDA
2017-11-02,FINADOS
2017-11-15,PROCLAMACAO DA REPUBLICA
2017-12-25,NATAL
2018-01-01,CONFRATERNIZACAO MUNDIAL
2018-02-12,CARNAVAL
2018-02-13,CARNAVAL
2018-03-30,SEXTA-FEIRA SANTA
2018-04-01,PASCOA
2018-04-21,TIRADENTES
2018-05-01,DIA DO TRABALHO
2018-05-31,CORPUS CHRISTI
2018-09-07,INDEPENDENCIA DO BRASIL
2018-10-12,NOSSA SENHORA APARECIDA
2018-11-02,FINADOS
2018-11-15,PROCLAMACAO DA REPUBLICA
2018-12-25,NATAL
2019-01-01,CONFRATERNIZACAO MUNDIAL
2019-03-04,CARNAVAL
2019-03-05,CARNAVAL
2019-04-19,SEXTA-FEIRA SANTA
2019-04-21,PASCOA / TIRADENTES
2019-05-01,DIA DO TRABALHO
2019-06-20,CORPUS CHRISTI
2019-09-07,INDEPENDENCIA DO BRASIL
2019-10-12,NOSSA SENHORA APARECIDA
2019-11-02,FINADOS
2019-11-15,PROCLAMACAO DA REPUBLICA
2019-12-25,NATAL
2020-01-01,CONFRATERNIZACAO MUNDIAL
2020-02-24,CARNAVAL
2020-02-25,CARNAVAL
2020-04-10,SEXTA-FEIRA SANTA
2020-04-12,PASCOA
2020-04-21,TIRADENTES
2020-05-01,DIA DO TRABALHO
2020-06-11,CORPUS CHRISTI
2020-09-07,INDEPENDENCIA DO BRASIL
2020-10-12,NOSSA SENHORA APARECIDA
2020-11-02,FINADOS
2020-11-15,PROCLAMACAO DA REPUBLICA
2020-12-25,NATAL
2021-01-01,CONFRATERNIZACAO MUNDIAL
2021-02-15,CARNAVAL
2021-02-16,CARNAVAL
2021-04-02,SEXTA-FEIRA SANTA
2021-04-04,PASCOA
2021-04-21,TIRADENTES
2021-05-01,DIA DO TRABALHO
2021-06-03,CORPUS CHRISTI
2021-09-07,INDEPENDENCIA DO BRASIL
2021-10-12,NOSSA SENHORA APARECIDA
2021-11-02,FINADOS
2021-11-15,PROCLAMACAO DA REPUBLICA
2021-12-25,NATAL
2022-01-01,CONFRATERNIZACAO MUNDIAL
2022-02-28,CARNAVAL
2022-03-01,CARNAVAL
2022-04-15,SEXTA-FEIRA SANTA
2022-04-17,PASCOA
2022-04-21,TIRADENTES
2022-05-01,DIA DO TRABALHO
2022-06-16,CORPUS CHRISTI
2022-09-07,INDEPENDENCIA DO BRASIL
2022-10-12,NOSSA SENHORA APARECIDA
2022-11-02,FINADOS
2022-11-15,PROCLAMACAO DA REPUBLICA
2022-12-25,NATAL
2023-01-01,CONFRATERNIZACAO MUNDIAL
2023-02-20,CARNAVAL
2023-02-21,CARNAVAL
2023-04-07,SEXTA-FEIRA SANTA
2023-04-09,PASCOA
2023-04-21,TIRADENTES
2023-05-01,DIA DO TRABALHO
2023-06-08,CORPUS CHRISTI
2023-09-07,INDEPENDENCIA DO BRASIL
2023-10-12,NOSSA SENHORA APARECIDA
2023-11-02,FINADOS
2023-11-15,PROCLAMACAO DA REPUBLICA
2023-12-25,NATAL
2024-01-01,CONFRATERNIZACAO MUNDIAL
2024-02-12,CARNAVAL
2024-02-13,CARNAVAL
2024-03-29,SEXTA-FEIRA SANTA
2024-03-31,PASCOA
2024-04-21,TIRADENTES
2024-05-01,DIA DO TRABALHO
2024-05-30,CORPUS CHRISTI
2024-09-07,INDEPENDENCIA DO BRASIL
2024-10-12,NOSSA SENHORA APARECIDA
2024-11-02,FINADOS
2024-11-15,PROCLAMACAO DA REPUBLICA
2024-11-20,DIA DA CONSCIENCIA NEGRA
2024-12-25,NATAL
2025-01-01,CONFRATERNIZACAO MUNDIAL
2025-03-03,CARNAVAL
2025-03-04,CARNAVAL
2025-04-18,SEXTA-FEIRA SANTA
2025-04-20,PASCOA
2025-04-21,TIRADENTES
2025-05-01,DIA DO TRABALHO
2025-06-19,CORPUS CHRISTI
2025-09-07,INDEPENDENCIA DO BRASIL
2025-10-12,NOSSA SENHORA APARECIDA
2025-11-02,FINADOS
2025-11-15,PROCLAMACAO DA REPUBLICA
2025-11-20,DIA DA CONSCIENCIA NEGRA
2025-12-25,NATAL
2026-01-01,CONFRATERNIZACAO MUNDIAL
2026-02-16,CARNAVAL
2026-02-17,CARNAVAL
2026-04-03,SEXTA-FEIRA SANTA
2026-04-05,PASCOA
2026-04-21,TIRADENTES
2026-05-01,DIA DO TRABALHO
2026-06-04,CORPUS CHRISTI
2026-09-07,INDEPENDENCIA DO BRASIL
2026-10-12,NOSSA SENHORA APARECIDA
2026-11-02,FINADOS
2026-11-15,PROCLAMACAO DA REPUBLICA
2026-11-20,DIA DA CONSCIENCIA NEGRA
2026-12-25,NATAL
2027-01-01,CONFRATERNIZACAO MUNDIAL
2027-02-08,CARNAVAL
2027-02-09,CARNAVAL
2027-03-26,SEXTA-FEIRA SANTA
2027-03-28,PASCOA
2027-04-21,TIRADENTES
2027-05-01,DIA DO TRABALHO
2027-05-27,CORPUS CHRISTI
2027-09-07,INDEPENDENCIA DO BRASIL
2027-10-12,NOSSA SENHORA APARECIDA
2027-11-02,FINADOS
2027-11-15,PROCLAMACAO DA REPUBLICA
2027-11-20,DIA DA CONSCIENCIA NEGRA
2027-12-25,NATAL
